CVE_ENT,NOM_ENT,CVE_MUN,NOM_MUN,CVE_LOC,NOM_LOC,AMBITO,LATITUD,LONGITUD,ALTITUD,CVE_CARTA,Z1,Z2,Z3"09","Ciudad de México","002","Azcapotzalco","0001","Azcapotzalco","U","192902.770","0991103.698","2244","E14A39","414711","196053","218658"
"09","Ciudad de México","003","Coyoacán","0001","Coyoacán","U","192100.770","0990943.724","2247","E14A39","620416","292491","327925"
"09","Ciudad de México","004","Cuajimalpa de Morelos","0001","Cuajimalpa de Morelos","U","192126.461","0991759.252","2780","E14A39","160491","75960","84531"
"09","Ciudad de México","004","Cuajimalpa de Morelos","0010","Cruz Blanca","R","191904.026","0991926.437","2982","E14A39","581","294","287"
"09","Ciudad de México","004","Cuajimalpa de Morelos","0020","San Lorenzo Acopilco","U","191951.617","0991932.454","2936","E14A39","23037","11261","11776"
"09","Ciudad de México","004","Cuajimalpa de Morelos","0050","La Venta","R","192003.752","0991836.766","2862","E14A39","531","236","295"
"09","Ciudad de México","004","Cuajimalpa de Morelos","0054","Puerto las Cruces (Monte las Cruces)","R","191741.500","0992051.436","3200","E14A38","444","229","215"
"09","Ciudad de México","004","Cuajimalpa de Morelos","0055","Teopazulco","R","192045.333","0991923.215","2940","E14A39","12","7","5"
"09","Ciudad de México","004","Cuajimalpa de Morelos","0056","Valle de las Monjas","R","192018.829","0991735.672","2663","E14A39","0","0","0"
"09","Ciudad de México","004","Cuajimalpa de Morelos","0057","Prolongación Constitución","R","192109.542","0991936.019","2715","E14A39","18","9","9"
"09","Ciudad de México","004","Cuajimalpa de Morelos","0058","Paraje Río Borracho","R","192057.976","0991941.652","2692","E14A39","51","21","30"
"09","Ciudad de México","004","Cuajimalpa de Morelos","0059","El Zarco","R","191735.718","0992115.809","3141","E14A38","0","0","0"
"09","Ciudad de México","004","Cuajimalpa de Morelos","0060","La Bolsa (El Encinal)","R","192020.408","0991806.266","2783","E14A39","17","4","13"
"09","Ciudad de México","004","Cuajimalpa de Morelos","0062","Los Campesinos [Rancho]","R","191818.001","0992040.786","3056","E14A38","22","14","8"
"09","Ciudad de México","004","Cuajimalpa de Morelos","0063","Santa Rosa","R","191924.018","0991741.861","2857","E14A39","518","257","261"
"09","Ciudad de México","004","Cuajimalpa de Morelos","0064","Paraje Cerro de los Padres","R","192151.054","0991901.120","2843","E14A39","11","*","*"
"09","Ciudad de México","004","Cuajimalpa de Morelos","0065","El Boji (San Jacinto)","R","192149.395","0991907.208","2778","E14A39","51","25","26"
"09","Ciudad de México","004","Cuajimalpa de Morelos","0066","Santa Laura [Rancho]","R","192036.786","0991910.138","2725","E14A39","61","29","32"
"09","Ciudad de México","004","Cuajimalpa de Morelos","0067","La Papa [Escuela Niños Héroes]","R","192042.793","0991846.174","2854","E14A39","3","*","*"
"09","Ciudad de México","004","Cuajimalpa de Morelos","0068","Convento del Desierto de los Leones","R","191849.000","0991837.000","2967","E14A39","0","0","0"
"09","Ciudad de México","004","Cuajimalpa de Morelos","0069","La Troje","R","191937.118","0991905.778","2832","E14A39","5","*","*"
"09","Ciudad de México","004","Cuajimalpa de Morelos","0070","Punta Galicia","R","192229.628","0991812.141","2536","E14A39","387","211","176"
"09","Ciudad de México","004","Cuajimalpa de Morelos","0071","Cola de Pato","R","191813.824","0992023.850","3128","E14A38","11","*","*"
"09","Ciudad de México","004","Cuajimalpa de Morelos","0073","Santiago Yacuitlalpan","R","192211.647","0991838.635","2725","E14A39","75","36","39"
"09","Ciudad de México","004","Cuajimalpa de Morelos","0074","Punta Ahuatenco","R","192204.908","0991820.883","2556","E14A39","65","35","30"
"09","Ciudad de México","004","Cuajimalpa de Morelos","0075","Los Laureles [Rancho]","R","191953.695","0991807.338","2742","E14A39","0","0","0"
"09","Ciudad de México","005","Gustavo A. Madero","0001","Gustavo A. Madero","U","192858.603","0990648.495","2230","E14A39","1185772","571233","614539"
"09","Ciudad de México","006","Iztacalco","0001","Iztacalco","U","192345.245","0990551.406","2230","E14A39","384326","182534","201792"
"09","Ciudad de México","007","Iztapalapa","0001","Iztapalapa","U","192132.414","0990533.441","2239","E14A39","1815786","880998","934788"
"09","Ciudad de México","008","La Magdalena Contreras","0001","La Magdalena Contreras","U","191817.633","0991429.456","2521","E14A39","238431","114142","124289"
"09","Ciudad de México","008","La Magdalena Contreras","0066","Manantiales de Monte Alegre","R","191346.850","0991646.029","3300","E14A49","0","0","0"
"09","Ciudad de México","008","La Magdalena Contreras","0071","Las Llantas","R","191514.274","0991443.606","2914","E14A39","7","*","*"
"09","Ciudad de México","008","La Magdalena Contreras","0075","Segundo Dinamo","R","191703.597","0991628.157","2756","E14A39","21","11","10"
"09","Ciudad de México","008","La Magdalena Contreras","0079","Las Golondrinas","R","191559.233","0991457.216","2823","E14A39","0","0","0"
"09","Ciudad de México","008","La Magdalena Contreras","0080","Vivero Potreritos","R","191500.653","0991523.958","2958","E14A39","0","0","0"
"09","Ciudad de México","008","La Magdalena Contreras","0081","Primer Dinamo","R","191720.000","0991552.000","2684","E14A39","0","0","0"
"09","Ciudad de México","008","La Magdalena Contreras","0083","El Gavillero","R","191713.291","0991456.833","2604","E14A39","305","168","137"
"09","Ciudad de México","008","La Magdalena Contreras","0085","Camino de Sayula","R","191739.060","0991544.764","2713","E14A39","0","0","0"
"09","Ciudad de México","008","La Magdalena Contreras","0086","Coapanoaya","R","191710.177","0991605.083","2705","E14A39","0","0","0"
"09","Ciudad de México","008","La Magdalena Contreras","0088","Totolapa","R","191653.734","0991443.210","2603","E14A39","121","62","59"
"09","Ciudad de México","008","La Magdalena Contreras","0089","Sehuaya","R","191654.060","0991625.410","2794","E14A39","0","0","0"
"09","Ciudad de México","008","La Magdalena Contreras","0090","Tercer Dinamo","R","191653.002","0991642.276","2806","E14A39","0","0","0"
"09","Ciudad de México","008","La Magdalena Contreras","0092","Cuarto Dinamo","R","191559.320","0991736.456","3059","E14A39","0","0","0"
"09","Ciudad de México","008","La Magdalena Contreras","0093","La Bodega","R","191600.735","0991714.669","3033","E14A39","0","0","0"
"09","Ciudad de México","008","La Magdalena Contreras","0094","La Campana [Rancho]","R","191456.396","0991452.445","2920","E14A49","0","0","0"
"09","Ciudad de México","008","La Magdalena Contreras","0095","La Escondida","R","191450.583","0991515.785","3019","E14A49","0","0","0"
"09","Ciudad de México","008","La Magdalena Contreras","0096","La Polea","R","191345.255","0991602.061","3274","E14A49","0","0","0"
"09","Ciudad de México","008","La Magdalena Contreras","0097","Cerro Panza [Campamento Forestal]","R","191313.706","0991726.162","3594","E14A49","0","0","0"
"09","Ciudad de México","008","La Magdalena Contreras","0098","Valle del Tezontle","R","191257.000","0991642.000","3431","E14A49","0","0","0"
"09","Ciudad de México","008","La Magdalena Contreras","0099","Albergue Alpino Ajusco","R","191337.644","0991600.884","3295","E14A49","0","0","0"
"09","Ciudad de México","008","La Magdalena Contreras","0100","Los Cedros","R","191647.102","0991501.465","2649","E14A39","0","0","0"
"09","Ciudad de México","008","La Magdalena Contreras","0101","Paraje el Rancho","R","191733.919","0991513.948","2651","E14A39","23","13","10"
"09","Ciudad de México","008","La Magdalena Contreras","0102","Los Tejocotes","R","191550.603","0991448.147","2774","E14A39","0","0","0"
"09","Ciudad de México","008","La Magdalena Contreras","0103","Paraje Ayla","R","191536.047","0991804.467","3208","E14A39","5","*","*"
"09","Ciudad de México","008","La Magdalena Contreras","0104","Rancho Viejo","R","191529.664","0991501.151","2842","E14A39","27","16","11"
"09","Ciudad de México","008","La Magdalena Contreras","0105","La Loma","R","191723.794","0991529.927","2717","E14A39","14","9","5"
"09","Ciudad de México","008","La Magdalena Contreras","0106","Prolongación Ermitaño","R","191803.091","0991602.363","2740","E14A39","0","0","0"
"09","Ciudad de México","008","La Magdalena Contreras","0107","Granja Soto","R","191628.856","0991648.265","3061","E14A39","0","0","0"
"09","Ciudad de México","008","La Magdalena Contreras","0108","Rincón Eslava","R","191722.894","0991503.870","2554","E14A39","7","*","*"
"09","Ciudad de México","008","La Magdalena Contreras","0109","La Cañada [Parque]","R","191754.343","0991510.474","2562","E14A39","0","0","0"
"09","Ciudad de México","008","La Magdalena Contreras","0110","Paraje Chepecano","R","191727.834","0991504.099","2591","E14A39","21","10","11"
"09","Ciudad de México","008","La Magdalena Contreras","0111","Rancho Chichicaspa","R","191636.647","0991444.782","2591","E14A39","1","*","*"
"09","Ciudad de México","008","La Magdalena Contreras","0112","Paraje Chichicaspa","R","191632.836","0991459.943","2597","E14A39","103","53","50"
"09","Ciudad de México","009","Milpa Alta","0001","Villa Milpa Alta","U","191128.498","0990124.139","2429","E14A49","18274","8890","9384"
"09","Ciudad de México","009","Milpa Alta","0011","San Antonio Tecómitl","U","191303.134","0985937.384","2257","E14B41","24397","11921","12476"
"09","Ciudad de México","009","Milpa Alta","0015","San Bartolomé Xicomulco","U","191224.334","0990404.413","2593","E14A49","4340","2131","2209"
"09","Ciudad de México","009","Milpa Alta","0017","San Francisco Tecoxpa","U","191158.014","0990022.633","2308","E14A49","11456","5576","5880"
"09","Ciudad de México","009","Milpa Alta","0024","San Pablo Oztotepec","U","191114.226","0990423.337","2715","E14A49","15507","7637","7870"
"09","Ciudad de México","009","Milpa Alta","0029","San Pedro Atocpan","U","191205.894","0990257.879","2447","E14A49","8283","4104","4179"
"09","Ciudad de México","009","Milpa Alta","0033","San Salvador Cuauhtenco","U","191131.158","0990523.835","2753","E14A49","13856","6857","6999"
"09","Ciudad de México","009","Milpa Alta","0036","Santa Ana Tlacotenco","U","191033.278","0985952.083","2612","E14B41","10593","5136","5457"
"09","Ciudad de México","009","Milpa Alta","0037","Cruztitla","R","191253.590","0990012.610","2308","E14A49","496","235","261"
"09","Ciudad de México","009","Milpa Alta","0039","Atlimeya","R","191000.718","0990421.795","2913","E14A49","30","14","16"
"09","Ciudad de México","009","Milpa Alta","0041","Atoctienco","R","191250.442","0990244.686","2445","E14A49","108","63","45"
"09","Ciudad de México","009","Milpa Alta","0045","Los Pinos (Totulan)","R","191100.784","0990206.444","2572","E14A49","6","*","*"
"09","Ciudad de México","009","Milpa Alta","0046","Xoctonco","R","191102.703","0990512.821","2866","E14A49","329","174","155"
"09","Ciudad de México","009","Milpa Alta","0050","Cozcatlán","R","191052.254","0990103.626","2539","E14A49","2","*","*"
"09","Ciudad de México","009","Milpa Alta","0052","La Herradura (Séptima Curva)","R","191108.198","0990304.783","2601","E14A49","96","48","48"
"09","Ciudad de México","009","Milpa Alta","0054","Zangahco","R","191026.192","0990356.390","2805","E14A49","31","20","11"
"09","Ciudad de México","009","Milpa Alta","0056","Hueycotzingo","R","191128.736","0990308.648","2546","E14A49","99","49","50"
"09","Ciudad de México","009","Milpa Alta","0062","Melhcalhca","R","191021.095","0990619.523","3057","E14A49","0","0","0"
"09","Ciudad de México","009","Milpa Alta","0066","Cuauhtec (El Mirador Santa Ana Tlacotenco)","R","190941.191","0985924.096","2717","E14B41","17","6","11"
"09","Ciudad de México","009","Milpa Alta","0067","La Mora","R","191124.229","0990205.411","2516","E14A49","12","5","7"
"09","Ciudad de México","009","Milpa Alta","0068","Metenco","R","191217.803","0990451.746","2636","E14A49","226","111","115"
"09","Ciudad de México","009","Milpa Alta","0072","Tamasquititla","R","191026.007","0990126.641","2665","E14A49","11","6","5"
"09","Ciudad de México","009","Milpa Alta","0074","San Agustín el Alto","R","191038.166","0990031.428","2613","E14A49","14","5","9"
"09","Ciudad de México","009","Milpa Alta","0077","San Marcos","R","191010.506","0990134.080","2740","E14A49","130","64","66"
"09","Ciudad de México","009","Milpa Alta","0079","Atlatlauco","R","191041.616","0990354.166","2761","E14A49","90","43","47"
"09","Ciudad de México","009","Milpa Alta","0081","Cuyucalco","R","191059.396","0990335.539","2672","E14A49","87","42","45"
"09","Ciudad de México","009","Milpa Alta","0082","Iztauhagca","R","191107.147","0990332.147","2651","E14A49","65","31","34"
"09","Ciudad de México","009","Milpa Alta","0083","Tzotzomaco","R","191153.233","0990220.738","2494","E14A49","13","7","6"
"09","Ciudad de México","009","Milpa Alta","0084","Tlatepexco","R","191144.300","0990439.925","2628","E14A49","117","61","56"
"09","Ciudad de México","009","Milpa Alta","0087","Lagunilla","R","191054.788","0990547.024","2914","E14A49","0","0","0"
"09","Ciudad de México","009","Milpa Alta","0088","San Paocotitla","R","191111.690","0990303.366","2589","E14A49","88","51","37"
"09","Ciudad de México","009","Milpa Alta","0090","Tlacopac","R","191022.082","0990226.803","2719","E14A49","51","29","22"
"09","Ciudad de México","009","Milpa Alta","0092","Tecolotzitzatzian (Piltongo)","R","190950.620","0990236.190","2823","E14A49","7","*","*"
"09","Ciudad de México","009","Milpa Alta","0093","Tehuisco","R","191036.452","0990507.859","2956","E14A49","0","0","0"
"09","Ciudad de México","009","Milpa Alta","0095","Ahuatatapanco (Metlalzintla)","R","191107.803","0990035.488","2453","E14A49","15","8","7"
"09","Ciudad de México","009","Milpa Alta","0096","Tequianquiztunco","R","190958.707","0990419.828","2915","E14A49","9","*","*"
"09","Ciudad de México","009","Milpa Alta","0098","Tetexipezco","R","191207.675","0990212.275","2451","E14A49","39","17","22"
"09","Ciudad de México","009","Milpa Alta","0099","Tetlicuili (El Encinal)","R","190948.505","0985859.856","2693","E14B41","67","33","34"
"09","Ciudad de México","009","Milpa Alta","0100","Teuhtli","R","191310.894","0990151.410","2554","E14A49","11","*","*"
"09","Ciudad de México","009","Milpa Alta","0101","Texcalahuitiel","R","191204.843","0990330.725","2467","E14A49","28","15","13"
"09","Ciudad de México","009","Milpa Alta","0102","Texcayuca (Ojo de Agua)","R","190928.856","0990846.359","2915","E14A49","0","0","0"
"09","Ciudad de México","009","Milpa Alta","0103","Tezompa","R","191119.897","0990310.804","2573","E14A49","99","52","47"
"09","Ciudad de México","009","Milpa Alta","0104","Teziuhtepec","R","191018.954","0990415.763","2851","E14A49","89","43","46"
"09","Ciudad de México","009","Milpa Alta","0105","Tetzumpa","R","191004.220","0990413.182","2889","E14A49","14","*","*"
"09","Ciudad de México","009","Milpa Alta","0109","Tlaxala","R","191210.063","0990214.696","2448","E14A49","46","27","19"
"09","Ciudad de México","009","Milpa Alta","0110","Ahuapapatlapa","R","191017.800","0990245.127","2769","E14A49","3","*","*"
"09","Ciudad de México","009","Milpa Alta","0112","Tetepanco","R","191221.055","0990316.575","2543","E14A49","94","47","47"
"09","Ciudad de México","009","Milpa Alta","0113","Cerrada Francisco I. Madero","R","191250.202","0990339.451","2577","E14A49","51","27","24"
"09","Ciudad de México","009","Milpa Alta","0115","San José","R","191223.663","0990336.406","2585","E14A49","137","67","70"
"09","Ciudad de México","009","Milpa Alta","0116","Hueytepetl","R","191121.536","0985924.396","2460","E14B41","202","101","101"
"09","Ciudad de México","009","Milpa Alta","0117","Coximalipa","R","191026.042","0990409.447","2831","E14A49","91","41","50"
"09","Ciudad de México","009","Milpa Alta","0118","Tlaltepec (Casa del Comunero)","R","190924.697","0990426.458","2990","E14A49","0","0","0"
"09","Ciudad de México","009","Milpa Alta","0119","El Tulmiac","R","190739.820","0990704.994","3132","E14A49","0","0","0"
"09","Ciudad de México","009","Milpa Alta","0120","Corralixpa","R","191035.203","0990435.631","2857","E14A49","153","78","75"
"09","Ciudad de México","009","Milpa Alta","0124","El Rancho","R","191128.718","0990156.009","2479","E14A49","13","9","4"
"09","Ciudad de México","009","Milpa Alta","0126","Coyocalli","R","191147.948","0990215.138","2488","E14A49","16","7","9"
"09","Ciudad de México","009","Milpa Alta","0129","Tlapalan","R","191050.964","0990038.521","2545","E14A49","37","18","19"
"09","Ciudad de México","009","Milpa Alta","0130","Retamatitla (Tepehuale)","R","191036.483","0990116.728","2615","E14A49","2","*","*"
"09","Ciudad de México","009","Milpa Alta","0131","Texalco","R","191134.456","0990207.909","2470","E14A49","84","44","40"
"09","Ciudad de México","009","Milpa Alta","0134","Quepilco","R","191124.832","0990603.759","2779","E14A49","56","29","27"
"09","Ciudad de México","009","Milpa Alta","0135","Texococlixpa (Rancho Santa Elena)","R","191100.052","0990601.193","2879","E14A49","6","*","*"
"09","Ciudad de México","009","Milpa Alta","0136","Cuilotepec","R","191057.972","0990501.450","2840","E14A49","0","0","0"
"09","Ciudad de México","009","Milpa Alta","0138","Barranca Seca (Pozo Ocho)","R","191226.720","0985950.805","2281","E14B41","200","100","100"
"09","Ciudad de México","009","Milpa Alta","0139","Teatlaco","R","191125.320","0985928.343","2440","E14B41","31","16","15"
"09","Ciudad de México","009","Milpa Alta","0140","Tlaloxtoc (Ejidos de Tecoxpa)","R","191148.307","0985849.972","2334","E14B41","38","24","14"
"09","Ciudad de México","009","Milpa Alta","0142","Atuzanco","R","191232.832","0990319.113","2553","E14A49","43","21","22"
"09","Ciudad de México","009","Milpa Alta","0147","El Potrero","R","191238.680","0990535.066","2568","E14A49","20","12","8"
"09","Ciudad de México","009","Milpa Alta","0148","Jalisco","R","191158.927","0990208.488","2447","E14A49","55","30","25"
"09","Ciudad de México","009","Milpa Alta","0151","Miquixpa","R","191114.728","0990602.834","2821","E14A49","32","14","18"
"09","Ciudad de México","009","Milpa Alta","0152","San Lorenzo Tlacoyucan","U","191034.761","0990153.120","2616","E14A49","3676","1874","1802"
"09","Ciudad de México","009","Milpa Alta","0154","Rinconada del Teoca","R","191232.225","0990521.701","2603","E14A49","110","55","55"
"09","Ciudad de México","009","Milpa Alta","0155","Tepepechimulco","R","191220.375","0990322.120","2552","E14A49","6","*","*"
"09","Ciudad de México","009","Milpa Alta","0156","Temoclaluca","R","191144.774","0990447.964","2649","E14A49","66","38","28"
"09","Ciudad de México","009","Milpa Alta","0158","Malacaxco","R","191152.554","0990354.024","2534","E14A49","55","35","20"
"09","Ciudad de México","009","Milpa Alta","0159","Cuatlixco","R","191141.474","0990349.542","2543","E14A49","26","12","14"
"09","Ciudad de México","009","Milpa Alta","0160","Tlaloxtutienco (Montesinos)","R","191147.752","0990349.116","2528","E14A49","30","15","15"
"09","Ciudad de México","009","Milpa Alta","0161","Coametzu","R","191118.563","0990329.103","2617","E14A49","136","69","67"
"09","Ciudad de México","009","Milpa Alta","0163","Cuauhtunco","R","191301.534","0990242.440","2493","E14A49","236","113","123"
"09","Ciudad de México","009","Milpa Alta","0166","La Era","R","191258.264","0990212.535","2539","E14A49","0","0","0"
"09","Ciudad de México","009","Milpa Alta","0167","Tepetenco","R","191215.931","0990214.650","2477","E14A49","180","83","97"
"09","Ciudad de México","009","Milpa Alta","0168","San Isidro Cuatepec","R","191308.535","0990027.765","2375","E14A49","670","331","339"
"09","Ciudad de México","009","Milpa Alta","0169","Xaluis (Ixtahuaca)","R","191105.922","0990319.035","2623","E14A49","153","82","71"
"09","Ciudad de México","009","Milpa Alta","0171","Tlacaxatl (Barrio Xochitepec)","R","191225.371","0985939.855","2280","E14B41","219","103","116"
"09","Ciudad de México","009","Milpa Alta","0172","Tlachachalipac","R","191100.826","0990315.430","2640","E14A49","62","33","29"
"09","Ciudad de México","009","Milpa Alta","0173","Camino Real a Tlaltenami","R","191047.627","0990342.175","2718","E14A49","69","32","37"
"09","Ciudad de México","009","Milpa Alta","0174","Mecalco","R","191051.069","0990112.748","2521","E14A49","157","74","83"
"09","Ciudad de México","009","Milpa Alta","0176","Zacatonco","R","191051.497","0990059.896","2543","E14A49","61","27","34"
"09","Ciudad de México","009","Milpa Alta","0178","Xali","R","191012.803","0990153.464","2726","E14A49","39","23","16"
"09","Ciudad de México","009","Milpa Alta","0179","Texaxahuacalli","R","190936.711","0990228.251","2869","E14A49","0","0","0"
"09","Ciudad de México","009","Milpa Alta","0180","Aguacasoliztintla","R","191006.209","0990005.393","2713","E14A49","0","0","0"
"09","Ciudad de México","009","Milpa Alta","0185","Zacaxontlipa","R","191145.074","0990618.599","2681","E14A49","48","24","24"
"09","Ciudad de México","009","Milpa Alta","0187","Santa Catarina (Piedra Blanca)","R","191240.444","0990443.115","2620","E14A49","143","72","71"
"09","Ciudad de México","009","Milpa Alta","0188","Cuauhtetec","R","191139.365","0990452.759","2693","E14A49","188","99","89"
"09","Ciudad de México","009","Milpa Alta","0189","Huitlalpa","R","191133.084","0990449.468","2699","E14A49","91","40","51"
"09","Ciudad de México","009","Milpa Alta","0191","Texcolipan","R","191303.118","0990333.372","2561","E14A49","15","6","9"
"09","Ciudad de México","009","Milpa Alta","0192","Tetzmititla","R","191228.340","0990323.124","2572","E14A49","27","16","11"
"09","Ciudad de México","009","Milpa Alta","0195","Tlaxiomulco","R","191128.763","0990217.899","2524","E14A49","113","55","58"
"09","Ciudad de México","009","Milpa Alta","0197","Chichauhtonco","R","191115.288","0990206.995","2544","E14A49","10","7","3"
"09","Ciudad de México","009","Milpa Alta","0198","Tecoloxtitla","R","191054.801","0990044.205","2517","E14A49","159","84","75"
"09","Ciudad de México","009","Milpa Alta","0199","Tapalaco (Amacapultitla)","R","191013.155","0990010.948","2709","E14A49","13","7","6"
"09","Ciudad de México","009","Milpa Alta","0200","Teacalco","R","191157.183","0990339.811","2489","E14A49","38","16","22"
"09","Ciudad de México","009","Milpa Alta","0201","Iztlalco","R","191257.090","0990339.498","2564","E14A49","9","6","3"
"09","Ciudad de México","009","Milpa Alta","0202","Cuauhzontlipan","R","191249.379","0990344.628","2585","E14A49","144","76","68"
"09","Ciudad de México","009","Milpa Alta","0203","Huepaltepec","R","191244.941","0990425.860","2602","E14A49","54","25","29"
"09","Ciudad de México","009","Milpa Alta","0204","Mecatlán (Rancho el Refugio)","R","191236.370","0990501.251","2631","E14A49","42","25","17"
"09","Ciudad de México","009","Milpa Alta","0205","Tecupilco (Kilómetro 17.5)","R","191305.842","0990302.577","2438","E14A49","81","34","47"
"09","Ciudad de México","009","Milpa Alta","0206","Xaxalpa","R","191259.893","0990257.874","2443","E14A49","93","47","46"
"09","Ciudad de México","009","Milpa Alta","0207","Xaltepetitla","R","191256.301","0990236.999","2479","E14A49","29","13","16"
"09","Ciudad de México","009","Milpa Alta","0208","Tetecolok","R","191245.601","0990314.848","2562","E14A49","62","25","37"
"09","Ciudad de México","009","Milpa Alta","0209","Tlaxicoapa (Mulotla)","R","191229.611","0990314.785","2546","E14A49","55","30","25"
"09","Ciudad de México","009","Milpa Alta","0210","Santa Rosa","R","191332.983","0990011.590","2339","E14A49","130","63","67"
"09","Ciudad de México","009","Milpa Alta","0211","Olla de Piedra","R","191327.428","0990011.300","2326","E14A49","36","17","19"
"09","Ciudad de México","009","Milpa Alta","0213","El Zapote (Techultepec)","R","191240.647","0990019.020","2321","E14A49","331","174","157"
"09","Ciudad de México","009","Milpa Alta","0214","Maxulco (Barrio Cruztitla)","R","191233.719","0990012.369","2313","E14A49","310","160","150"
"09","Ciudad de México","009","Milpa Alta","0215","El Pirul","R","191225.264","0990038.011","2358","E14A49","29","15","14"
"09","Ciudad de México","009","Milpa Alta","0216","Santa Marta Casalan (Prolongación Avenida México Norte)","R","191212.746","0990124.337","2387","E14A49","57","33","24"
"09","Ciudad de México","009","Milpa Alta","0217","Zacuaztitla","R","191210.493","0985858.442","2302","E14B41","189","102","87"
"09","Ciudad de México","009","Milpa Alta","0218","Rancho Paraíso Escondido","R","191217.559","0985913.753","2291","E14B41","10","*","*"
"09","Ciudad de México","009","Milpa Alta","0219","Omaxal","R","191104.745","0990539.405","2855","E14A49","160","74","86"
"09","Ciudad de México","009","Milpa Alta","0220","Mimiradorco (Camino Real al Monte)","R","191058.658","0990539.078","2876","E14A49","17","11","6"
"09","Ciudad de México","009","Milpa Alta","0222","Ahuatitla","R","191105.928","0990455.346","2802","E14A49","52","27","25"
"09","Ciudad de México","009","Milpa Alta","0223","Texacazintla (Xacalixpa)","R","191040.491","0990443.612","2867","E14A49","96","55","41"
"09","Ciudad de México","009","Milpa Alta","0224","Chichilecas","R","191037.568","0990403.627","2792","E14A49","142","65","77"
"09","Ciudad de México","009","Milpa Alta","0225","Camino a la Granja","R","191154.549","0990347.167","2512","E14A49","11","*","*"
"09","Ciudad de México","009","Milpa Alta","0226","Calle Capulines","R","191151.999","0990333.196","2504","E14A49","9","5","4"
"09","Ciudad de México","009","Milpa Alta","0227","Temalacatl [Centro de Producción las Violetas]","R","191141.072","0990327.259","2534","E14A49","50","27","23"
"09","Ciudad de México","009","Milpa Alta","0228","Temoayan","R","191147.616","0990324.510","2511","E14A49","34","13","21"
"09","Ciudad de México","009","Milpa Alta","0229","Prolongación Xolotl","R","191135.636","0990320.821","2548","E14A49","68","35","33"
"09","Ciudad de México","009","Milpa Alta","0230","Anayeli","R","191137.165","0990316.450","2535","E14A49","4","*","*"
"09","Ciudad de México","009","Milpa Alta","0232","Meliaxco","R","191120.055","0990159.135","2504","E14A49","33","18","15"
"09","Ciudad de México","009","Milpa Alta","0233","Las Cruces Parte Alta (Tehuepanco)","R","191028.259","0990223.051","2700","E14A49","188","96","92"
"09","Ciudad de México","009","Milpa Alta","0234","Cuapalipa","R","191014.264","0990203.333","2717","E14A49","32","13","19"
"09","Ciudad de México","009","Milpa Alta","0235","Tehuistitla","R","191012.776","0990217.121","2726","E14A49","50","21","29"
"09","Ciudad de México","009","Milpa Alta","0236","Cuaxaltepec","R","191003.357","0990212.874","2767","E14A49","45","20","25"
"09","Ciudad de México","009","Milpa Alta","0237","Tenopantitla","R","191010.384","0990151.289","2741","E14A49","27","14","13"
"09","Ciudad de México","009","Milpa Alta","0238","Ocoteloloco (Tlaxcantitla)","R","191021.043","0990108.757","2701","E14A49","2","*","*"
"09","Ciudad de México","009","Milpa Alta","0239","Tecpallo","R","191149.842","0985926.231","2383","E14B41","117","58","59"
"09","Ciudad de México","009","Milpa Alta","0241","Nuch Huaca (Techinantitle)","R","191028.111","0985916.806","2601","E14B41","72","32","40"
"09","Ciudad de México","009","Milpa Alta","0242","Cuacuahotlipa","R","191005.892","0985913.770","2657","E14B41","174","84","90"
"09","Ciudad de México","009","Milpa Alta","0243","Nacatulatlaxco","R","191002.183","0985929.911","2663","E14B41","30","13","17"
"09","Ciudad de México","009","Milpa Alta","0244","Tlacoxpa (Teshutla)","R","190955.431","0985922.280","2665","E14B41","14","8","6"
"09","Ciudad de México","009","Milpa Alta","0245","Citlalcuac (Rancho el Paraíso Perdido)","R","191201.052","0990544.390","2654","E14A49","87","38","49"
"09","Ciudad de México","009","Milpa Alta","0246","Atoctenco (Prolongación Niños Héroes)","R","191200.129","0990512.133","2630","E14A49","264","131","133"
"09","Ciudad de México","009","Milpa Alta","0248","Paraje Huicalco","R","191236.541","0990336.510","2580","E14A49","67","39","28"
"09","Ciudad de México","009","Milpa Alta","0249","Los Aguilar","R","191222.849","0990435.280","2647","E14A49","4","*","*"
"09","Ciudad de México","009","Milpa Alta","0250","Tetexaloca","R","191119.183","0990341.412","2626","E14A49","90","45","45"
"09","Ciudad de México","009","Milpa Alta","0251","Prolongación Justo Sierra","R","191202.000","0990347.000","2521","E14A49","24","11","13"
"09","Ciudad de México","009","Milpa Alta","0252","Acatlaco","R","191051.714","0990343.824","2704","E14A49","41","17","24"
"09","Ciudad de México","009","Milpa Alta","0253","Xalmoyo","R","191110.575","0990554.183","2830","E14A49","65","30","35"
"09","Ciudad de México","009","Milpa Alta","0254","Oluca","R","191129.955","0990601.326","2742","E14A49","445","228","217"
"09","Ciudad de México","009","Milpa Alta","0255","Pino Suárez","R","191159.608","0990330.923","2475","E14A49","8","*","*"
"09","Ciudad de México","009","Milpa Alta","0256","Tlalcoxtepec (La Joya)","R","191200.891","0990456.952","2598","E14A49","59","31","28"
"09","Ciudad de México","009","Milpa Alta","0257","Camino Viejo a Santa Cruz","R","191243.118","0990402.221","2573","E14A49","64","32","32"
"09","Ciudad de México","009","Milpa Alta","0258","Concla (Camino a Tlaltenamic)","R","191120.113","0990231.200","2610","E14A49","66","35","31"
"09","Ciudad de México","009","Milpa Alta","0259","Tlaltenami","R","191003.315","0990330.099","2884","E14A49","0","0","0"
"09","Ciudad de México","009","Milpa Alta","0260","Mixquiahuac","R","191225.685","0990444.935","2629","E14A49","11","8","3"
"09","Ciudad de México","009","Milpa Alta","0261","Zacamoli","R","191217.654","0990502.978","2643","E14A49","27","15","12"
"09","Ciudad de México","009","Milpa Alta","0263","Santa Ana (Cooperativa Ejidal)","R","190832.961","0985814.416","2764","E14B41","0","0","0"
"09","Ciudad de México","009","Milpa Alta","0264","Panuca (Kilómetro 27.5)","R","190957.017","0985943.138","2730","E14B41","23","12","11"
"09","Ciudad de México","009","Milpa Alta","0265","Tlaltepec","R","191108.322","0990021.708","2471","E14A49","131","59","72"
"09","Ciudad de México","009","Milpa Alta","0266","Chimeo (Las Palmas)","R","191319.475","0990036.932","2425","E14A49","125","68","57"
"09","Ciudad de México","009","Milpa Alta","0267","El Tulmiac [Campamento Forestal]","R","190809.864","0990655.117","3331","E14A49","0","0","0"
"09","Ciudad de México","009","Milpa Alta","0268","AA Milpa Alta","R","191226.308","0990052.176","2381","E14A49","38","17","21"
"09","Ciudad de México","009","Milpa Alta","0269","El Cerrito","R","191240.733","0985918.682","2257","E14B41","79","39","40"
"09","Ciudad de México","009","Milpa Alta","0270","Cerro Cuautzin [Campamento Forestal]","R","190928.753","0990624.731","3499","E14A49","0","0","0"
"09","Ciudad de México","009","Milpa Alta","0271","San Miguel (Tecoxomayehualtitla)","R","191001.684","0990020.233","2781","E14A49","40","22","18"
"09","Ciudad de México","009","Milpa Alta","0273","Texomulco","R","191309.531","0990240.601","2500","E14A49","49","30","19"
"09","Ciudad de México","009","Milpa Alta","0274","Prolongación Benito Juárez","R","190952.078","0985955.219","2781","E14B41","15","7","8"
"09","Ciudad de México","009","Milpa Alta","0275","Tlalcocomoya","R","191019.858","0990237.194","2757","E14A49","45","26","19"
"09","Ciudad de México","009","Milpa Alta","0276","Zozotlac","R","191017.721","0990241.276","2768","E14A49","52","25","27"
"09","Ciudad de México","009","Milpa Alta","0277","Atoctenco (Tlalaxco)","R","191256.363","0990252.522","2457","E14A49","347","167","180"
"09","Ciudad de México","009","Milpa Alta","0278","Tecamac","R","191134.827","0990201.859","2477","E14A49","29","12","17"
"09","Ciudad de México","009","Milpa Alta","0280","Kilómetro 2 (Atocpan-Xicomulco)","R","191237.264","0990326.360","2569","E14A49","14","7","7"
"09","Ciudad de México","009","Milpa Alta","0281","Zihuantemohuayan","R","191250.178","0990326.855","2577","E14A49","6","*","*"
"09","Ciudad de México","009","Milpa Alta","0282","Las Abejas","R","191232.918","0990433.415","2623","E14A49","5","*","*"
"09","Ciudad de México","009","Milpa Alta","0283","Tlatzala","R","191237.394","0990316.305","2520","E14A49","4","*","*"
"09","Ciudad de México","009","Milpa Alta","0284","Tetzompa","R","191221.620","0990048.798","2368","E14A49","56","33","23"
"09","Ciudad de México","009","Milpa Alta","0285","Tuzanco (Prolongación Mina)","R","191204.401","0990517.871","2619","E14A49","131","66","65"
"09","Ciudad de México","009","Milpa Alta","0286","Rancho San José López Trejo","R","191013.489","0990348.328","2881","E14A49","0","0","0"
"09","Ciudad de México","009","Milpa Alta","0287","Ninguno","R","190953.679","0990325.539","2888","E14A49","0","0","0"
"09","Ciudad de México","009","Milpa Alta","0288","Tlacopanco","R","191135.270","0990415.335","2618","E14A49","87","43","44"
"09","Ciudad de México","009","Milpa Alta","0289","Pixucaltitla","R","191133.272","0990419.917","2629","E14A49","111","57","54"
"09","Ciudad de México","009","Milpa Alta","0290","Totomacuentla","R","191110.145","0990211.429","2562","E14A49","0","0","0"
"09","Ciudad de México","009","Milpa Alta","0291","Prolongación Veracruz Sur","R","191039.781","0990112.253","2601","E14A49","8","*","*"
"09","Ciudad de México","009","Milpa Alta","0292","Joyas Parte Alta","R","191227.435","0985930.048","2268","E14B41","305","148","157"
"09","Ciudad de México","009","Milpa Alta","0293","Camino de la Amistad","R","191230.620","0990445.460","2626","E14A49","29","15","14"
"09","Ciudad de México","009","Milpa Alta","0294","Acuexcomatl","R","191016.402","0990405.057","2852","E14A49","9","*","*"
"09","Ciudad de México","009","Milpa Alta","0295","Tlalcoxtepec (Prolongación Juan Escutia)","R","191149.587","0990500.669","2654","E14A49","19","8","11"
"09","Ciudad de México","009","Milpa Alta","0297","San Antonio Cuilotepec","R","191103.875","0990529.492","2872","E14A49","243","117","126"
"09","Ciudad de México","009","Milpa Alta","0299","Tenichcalco","R","190915.350","0985921.662","2777","E14B41","17","9","8"
"09","Ciudad de México","009","Milpa Alta","0300","San Nicolás Tetelco","U","191230.438","0985814.019","2259","E14B41","3490","1723","1767"
"09","Ciudad de México","009","Milpa Alta","0301","El Tejocote","R","191213.412","0985812.915","2285","E14B41","62","31","31"
"09","Ciudad de México","009","Milpa Alta","0302","Ejidos Tecoxpa","R","191224.516","0985835.126","2256","E14B41","7","4","3"
"09","Ciudad de México","009","Milpa Alta","0303","Cerrada Arboledas","R","191234.611","0985851.008","2252","E14B41","176","82","94"
"09","Ciudad de México","009","Milpa Alta","0304","Emiliano Zapata (Avenida el Cerro)","R","191222.222","0985819.314","2262","E14B41","115","60","55"
"09","Ciudad de México","009","Milpa Alta","0305","Corraltitla","R","191211.339","0990113.944","2389","E14A49","147","71","76"
"09","Ciudad de México","009","Milpa Alta","0306","Tepanoco","R","191215.944","0990106.647","2388","E14A49","19","11","8"
"09","Ciudad de México","009","Milpa Alta","0307","Prolongación Sinaloa Norte","R","191210.798","0990140.085","2399","E14A49","26","12","14"
"09","Ciudad de México","009","Milpa Alta","0308","Santa Marta (Avenida Tlaxcala)","R","191228.017","0990155.485","2427","E14A49","8","*","*"
"09","Ciudad de México","009","Milpa Alta","0309","Zacatipla","R","191224.472","0990142.318","2416","E14A49","3","*","*"
"09","Ciudad de México","009","Milpa Alta","0310","Santa Marta Xolco","R","191218.125","0990150.676","2412","E14A49","26","18","8"
"09","Ciudad de México","009","Milpa Alta","0311","Cerrada Tehuacán","R","191211.040","0990158.763","2408","E14A49","7","*","*"
"09","Ciudad de México","009","Milpa Alta","0312","Villa Hermosa","R","191152.180","0990208.861","2432","E14A49","49","26","23"
"09","Ciudad de México","009","Milpa Alta","0313","Totoxhpa (Cerrada Culiacán)","R","191133.781","0990156.541","2461","E14A49","30","16","14"
"09","Ciudad de México","009","Milpa Alta","0314","Cerrada Belisario Domínguez","R","191212.200","0990030.409","2317","E14A49","81","42","39"
"09","Ciudad de México","009","Milpa Alta","0315","Nuchtla","R","191223.818","0990240.435","2469","E14A49","442","220","222"
"09","Ciudad de México","009","Milpa Alta","0316","Tehuizco","R","191241.957","0990236.242","2485","E14A49","241","119","122"
"09","Ciudad de México","009","Milpa Alta","0317","Achayatipac","R","191237.212","0990247.484","2448","E14A49","161","79","82"
"09","Ciudad de México","009","Milpa Alta","0318","Ayotepec","R","191222.695","0990224.419","2478","E14A49","90","44","46"
"09","Ciudad de México","009","Milpa Alta","0319","Ochpantenco","R","191017.905","0990207.661","2699","E14A49","3","*","*"
"09","Ciudad de México","009","Milpa Alta","0320","Ermita del Calvario","R","191035.501","0990216.657","2668","E14A49","37","21","16"
"09","Ciudad de México","009","Milpa Alta","0321","La Virgen","R","191240.068","0990303.081","2489","E14A49","50","21","29"
"09","Ciudad de México","009","Milpa Alta","0322","Matlahuacaloca","R","191226.594","0990300.741","2490","E14A49","58","30","28"
"09","Ciudad de México","009","Milpa Alta","0323","Tula (Huixtotlazintla)","R","191216.043","0990310.019","2439","E14A49","116","52","64"
"09","Ciudad de México","009","Milpa Alta","0324","Tequimilpa","R","191140.820","0990309.550","2518","E14A49","79","38","41"
"09","Ciudad de México","009","Milpa Alta","0326","Tlatlapantunco","R","191147.453","0990246.199","2525","E14A49","0","0","0"
"09","Ciudad de México","009","Milpa Alta","0328","San Agustín","R","191059.093","0990105.866","2495","E14A49","62","29","33"
"09","Ciudad de México","009","Milpa Alta","0330","La Concepción","R","191101.881","0990112.154","2483","E14A49","42","20","22"
"09","Ciudad de México","009","Milpa Alta","0332","Los Angeles","R","191053.068","0990133.189","2523","E14A49","40","21","19"
"09","Ciudad de México","009","Milpa Alta","0333","Tezontlipac","R","191050.475","0990142.030","2544","E14A49","20","9","11"
"09","Ciudad de México","009","Milpa Alta","0334","Camino a Telera","R","191016.252","0990146.393","2713","E14A49","8","*","*"
"09","Ciudad de México","009","Milpa Alta","0337","Tlalzonco","R","191020.051","0990140.033","2689","E14A49","18","10","8"
"09","Ciudad de México","009","Milpa Alta","0338","Temazcaltitla","R","191021.253","0990142.016","2679","E14A49","18","8","10"
"09","Ciudad de México","009","Milpa Alta","0339","Prolongación 5 de Mayo","R","191026.912","0990139.487","2656","E14A49","20","9","11"
"09","Ciudad de México","009","Milpa Alta","0340","Chautonco","R","191032.513","0990137.566","2626","E14A49","88","38","50"
"09","Ciudad de México","009","Milpa Alta","0341","Texotitla","R","191122.836","0990557.406","2788","E14A49","41","19","22"
"09","Ciudad de México","009","Milpa Alta","0342","Coatepec","R","191110.120","0990545.434","2824","E14A49","116","49","67"
"09","Ciudad de México","009","Milpa Alta","0344","Ocotitla","R","191212.636","0990116.683","2386","E14A49","52","29","23"
"09","Ciudad de México","009","Milpa Alta","0345","Toltecas Parte Alta (Cerrada Jacarandas)","R","191324.214","0990023.423","2366","E14A49","143","68","75"
"09","Ciudad de México","009","Milpa Alta","0347","Xochiatlaco","R","191106.303","0990007.117","2471","E14A49","16","8","8"
"09","Ciudad de México","009","Milpa Alta","0348","Huacaltunco","R","191058.401","0990011.552","2509","E14A49","22","12","10"
"09","Ciudad de México","009","Milpa Alta","0350","Las Palmas","R","191312.131","0990040.296","2447","E14A49","-","-","-"
"09","Ciudad de México","009","Milpa Alta","0351","Tlahuiztpa","R","191016.106","0990019.219","2713","E14A49","-","-","-"
"09","Ciudad de México","009","Milpa Alta","0352","Zacacali","R","191058.272","0990327.340","2667","E14A49","-","-","-"
"09","Ciudad de México","009","Milpa Alta","0353","Tepenahuac [Centro de Educación Ambiental]","R","191024.250","0985843.761","2589","E14B41","-","-","-"
"09","Ciudad de México","009","Milpa Alta","0354","Camino Viejo a Tlaltenamic","R","191106.734","0990237.176","2649","E14A49","-","-","-"
"09","Ciudad de México","010","Álvaro Obregón","0001","Álvaro Obregón","U","192326.902","0991143.488","2309","E14A39","726664","345858","380806"
"09","Ciudad de México","010","Álvaro Obregón","0002","Cuauhtlamila","R","191930.635","0991620.913","2734","E14A39","326","163","163"
"09","Ciudad de México","010","Álvaro Obregón","0213","Ampliación San Bernabé (Tenango)","R","191806.915","0991628.697","2865","E14A39","15","8","7"
"09","Ciudad de México","010","Álvaro Obregón","0214","Camino a la Bandera","R","191917.889","0991623.200","2820","E14A39","0","0","0"
"09","Ciudad de México","010","Álvaro Obregón","0215","Tiximaloya","R","191845.512","0991635.556","2882","E14A39","0","0","0"
"09","Ciudad de México","010","Álvaro Obregón","0216","El Ermitaño (Paraje el Chipil)","R","191803.913","0991611.942","2773","E14A39","29","12","17"
"09","Ciudad de México","010","Álvaro Obregón","0217","Texcalatlaco","R","191903.854","0991628.155","2814","E14A39","0","0","0"
"09","Ciudad de México","010","Álvaro Obregón","0218","El Campanario","R","191526.681","0991846.690","3342","E14A39","0","0","0"
"09","Ciudad de México","010","Álvaro Obregón","0219","Apapaxtla","R","191658.137","0991716.647","2956","E14A39","0","0","0"
"09","Ciudad de México","011","Tláhuac","0001","Tláhuac","U","191614.039","0990017.446","2250","E14A39","305076","148077","156999"
"09","Ciudad de México","011","Tláhuac","0011","San Andrés Mixquic","U","191329.203","0985753.800","2240","E14B41","13310","6551","6759"
"09","Ciudad de México","011","Tláhuac","0021","San Juan Ixtayopan","U","191427.226","0985944.148","2238","E14B41","24120","11846","12274"
"09","Ciudad de México","011","Tláhuac","0024","San Nicolás Tetelco","U","191303.310","0985821.811","2242","E14B41","4246","2074","2172"
"09","Ciudad de México","011","Tláhuac","0026","Santa Catarina Yecahuitzotl","U","191832.261","0985806.883","2263","E14B31","9563","4718","4845"
"09","Ciudad de México","011","Tláhuac","0069","San Miguel","R","191316.351","0985730.448","2236","E14B41","166","87","79"
"09","Ciudad de México","011","Tláhuac","0071","Tabla los Pozos","R","191654.374","0985912.251","2230","E14B31","142","68","74"
"09","Ciudad de México","011","Tláhuac","0072","Mesita del Capulín","R","191826.822","0985852.351","2270","E14B31","22","12","10"
"09","Ciudad de México","011","Tláhuac","0076","Ojo de Agua","R","191304.445","0985749.407","2236","E14B41","90","49","41"
"09","Ciudad de México","011","Tláhuac","0081","San Miguel (Chinampas)","R","191312.487","0985802.034","2236","E14B41","77","42","35"
"09","Ciudad de México","011","Tláhuac","0082","Santa Catarina (Tequexquipa)","R","191833.537","0985835.254","2255","E14B31","0","0","0"
"09","Ciudad de México","011","Tláhuac","0086","Xila","R","191310.900","0985720.701","2233","E14B41","112","59","53"
"09","Ciudad de México","011","Tláhuac","0089","El Tetecon (El Solitario)","R","191909.387","0990129.874","2346","E14A39","9","*","*"
"09","Ciudad de México","011","Tláhuac","0094","Chinampa San Juan","R","191617.789","0990035.938","2239","E14A39","25","9","16"
"09","Ciudad de México","011","Tláhuac","0095","Fin de Galeana","R","191611.624","0990037.251","2234","E14A39","0","0","0"
"09","Ciudad de México","011","Tláhuac","0100","Puente de Tubo","R","191355.936","0985906.256","2241","E14B41","0","0","0"
"09","Ciudad de México","011","Tláhuac","0103","Paraje Xometitla","R","191312.837","0985748.536","2237","E14B41","110","52","58"
"09","Ciudad de México","011","Tláhuac","0104","San Ignacio de Loyola","R","191301.858","0985724.472","2234","E14B41","728","346","382"
"09","Ciudad de México","011","Tláhuac","0108","Paraje Ayecac","R","191331.000","0985810.368","2236","E14B41","60","31","29"
"09","Ciudad de México","011","Tláhuac","0110","La Ciénega","R","191715.245","0990119.134","2231","E14A39","376","195","181"
"09","Ciudad de México","011","Tláhuac","0111","Chinampas Tetelco","R","191308.363","0985804.958","2236","E14B41","55","27","28"
"09","Ciudad de México","011","Tláhuac","0113","Lomas de Xocotlán","R","191246.659","0985758.795","2238","E14B41","114","55","59"
"09","Ciudad de México","011","Tláhuac","0116","Santa Catarina [Lienzo Charro]","R","191818.567","0985812.564","2250","E14B31","16","6","10"
"09","Ciudad de México","011","Tláhuac","0119","Tierra Blanca Parte Alta","R","191357.433","0990035.035","2369","E14A49","88","44","44"
"09","Ciudad de México","011","Tláhuac","0120","Rancho las Siete Yuntas","R","191344.787","0990031.689","2393","E14A49","216","112","104"
"09","Ciudad de México","011","Tláhuac","0122","Las Tablas","R","191520.349","0985954.864","2237","E14B31","5","*","*"
"09","Ciudad de México","011","Tláhuac","0123","Mina Xaltepec","R","191839.028","0990201.247","2275","E14A39","0","0","0"
"09","Ciudad de México","011","Tláhuac","0124","Mina la Estancia","R","191911.065","0990109.460","2368","E14A39","22","12","10"
"09","Ciudad de México","011","Tláhuac","0125","Mina Texcocatitla","R","191840.307","0990153.022","2283","E14A39","0","0","0"
"09","Ciudad de México","011","Tláhuac","0126","Camino a Tlaltenco","R","191818.334","0990136.170","2254","E14A39","38","14","24"
"09","Ciudad de México","011","Tláhuac","0128","Prolongación Peña Alta","R","191334.061","0990026.305","2383","E14A49","95","44","51"
"09","Ciudad de México","011","Tláhuac","0129","Rancho los Pollitos","R","191754.371","0990017.459","2257","E14A39","19","7","12"
"09","Ciudad de México","011","Tláhuac","0133","El Rancho (Rancho la Pistola del Ejido)","R","191440.336","0985931.537","2234","E14B41","8","*","*"
"09","Ciudad de México","011","Tláhuac","0134","Tabla Telocuatitla","R","191744.725","0985848.255","2239","E14B31","15","12","3"
"09","Ciudad de México","011","Tláhuac","0136","El Pato","R","191502.896","0985947.926","2234","E14B31","303","148","155"
"09","Ciudad de México","011","Tláhuac","0137","Tabla 2-4","R","191543.113","0985939.641","2227","E14B31","27","15","12"
"09","Ciudad de México","011","Tláhuac","0138","Monserrat (Arenales Oaxaca)","R","191858.000","0990104.000","2338","E14A39","0","0","0"
"09","Ciudad de México","011","Tláhuac","0140","El Paraíso (Mecoxtla)","R","191926.933","0985836.217","2335","E14B31","592","283","309"
"09","Ciudad de México","011","Tláhuac","0141","El Zapote (Colonia Ejidal)","R","191920.109","0985815.257","2281","E14B31","47","21","26"
"09","Ciudad de México","011","Tláhuac","0142","Ampliación San Miguel","R","191737.744","0985812.312","2235","E14B31","191","99","92"
"09","Ciudad de México","011","Tláhuac","0143","Ninguno","R","191754.864","0985942.806","2261","E14B31","1","*","*"
"09","Ciudad de México","011","Tláhuac","0144","Camino a las Minas","R","191821.930","0990107.562","2272","E14A39","0","0","0"
"09","Ciudad de México","011","Tláhuac","0145","Xalpa","R","191821.080","0990124.861","2262","E14A39","12","7","5"
"09","Ciudad de México","011","Tláhuac","0146","Desarrollo Eco Turístico Reyes Flores","R","191819.418","0990053.102","2280","E14A39","0","0","0"
"09","Ciudad de México","011","Tláhuac","0147","Tercer Callejón de Calvario","R","191808.477","0990057.966","2259","E14A39","41","20","21"
"09","Ciudad de México","011","Tláhuac","0148","Puertantitla (Camino al Cerro)","R","191812.067","0990044.119","2275","E14A39","6","*","*"
"09","Ciudad de México","011","Tláhuac","0149","Prolongación el Rosario","R","191407.597","0990036.596","2346","E14A49","91","43","48"
"09","Ciudad de México","011","Tláhuac","0150","La Nopalera","R","191417.325","0990044.631","2354","E14A49","11","6","5"
"09","Ciudad de México","011","Tláhuac","0151","Tercera Cerrada de Mazatepec","R","191740.943","0985940.598","2255","E14B31","20","7","13"
"09","Ciudad de México","011","Tláhuac","0152","Bugambilias","R","191800.106","0985911.867","2260","E14B31","-","-","-"
"09","Ciudad de México","011","Tláhuac","0153","Tezontitla","R","191812.521","0990011.930","2276","E14A39","-","-","-"
"09","Ciudad de México","011","Tláhuac","0154","Xalatlayco","R","191809.316","0990021.503","2274","E14A39","-","-","-"
"09","Ciudad de México","012","Tlalpan","0001","Tlalpan","U","191717.790","0991001.654","2280","E14A39","574577","274712","299865"
"09","Ciudad de México","012","Tlalpan","0019","Parres (El Guarda)","U","190810.328","0991030.209","2994","E14A49","2589","1278","1311"
"09","Ciudad de México","012","Tlalpan","0026","San Miguel Ajusco","U","191304.690","0991214.282","2933","E14A49","29781","14657","15124"
"09","Ciudad de México","012","Tlalpan","0027","San Miguel Topilejo","U","191204.891","0990829.034","2649","E14A49","34603","16921","17682"
"09","Ciudad de México","012","Tlalpan","0103","Ampliación las Cruces","R","191137.000","0991359.000","3323","E14A49","11","8","3"
"09","Ciudad de México","012","Tlalpan","0104","La Cima Uno [Campamento Forestal]","R","190618.607","0991141.691","3030","E14A49","1","*","*"
"09","Ciudad de México","012","Tlalpan","0105","Apapaxtles","R","191228.866","0991340.845","3091","E14A49","4","*","*"
"09","Ciudad de México","012","Tlalpan","0108","Paraje Cercatenco","R","191215.291","0991321.586","3144","E14A49","3","*","*"
"09","Ciudad de México","012","Tlalpan","0109","Llano de Cantimplora","R","191229.237","0991628.952","3466","E14A49","0","0","0"
"09","Ciudad de México","012","Tlalpan","0110","Casa Solar","R","191121.099","0991402.333","3367","E14A49","0","0","0"
"09","Ciudad de México","012","Tlalpan","0112","Acueducto","R","191217.345","0991233.272","3029","E14A49","149","76","73"
"09","Ciudad de México","012","Tlalpan","0113","La Cima Dos [Campamento Forestal]","R","190643.156","0991141.406","3130","E14A49","0","0","0"
"09","Ciudad de México","012","Tlalpan","0114","Cuamino","R","191230.172","0991358.112","3159","E14A49","20","10","10"
"09","Ciudad de México","012","Tlalpan","0116","CORENA Regional 2 (El Crucero)","R","190916.517","0990943.643","2938","E14A49","36","15","21"
"09","Ciudad de México","012","Tlalpan","0118","Estación la Cima","R","190653.418","0991143.961","3020","E14A49","6","5","1"
"09","Ciudad de México","012","Tlalpan","0119","Mezontepec [Campamento Forestal]","R","191058.442","0991355.430","3333","E14A49","0","0","0"
"09","Ciudad de México","012","Tlalpan","0123","Xacatixtla (Granja la Garriga)","R","191148.958","0991013.753","2797","E14A49","14","8","6"
"09","Ciudad de México","012","Tlalpan","0124","Héroes de 1910","R","191449.282","0991404.497","2947","E14A49","331","170","161"
"09","Ciudad de México","012","Tlalpan","0128","Las Raíces","R","191009.468","0990930.264","2884","E14A49","21","11","10"
"09","Ciudad de México","012","Tlalpan","0129","Kilómetro 38","R","190830.377","0991006.777","2967","E14A49","0","0","0"
"09","Ciudad de México","012","Tlalpan","0130","Kilómetro 36.5 (El Crucero)","R","190916.290","0990946.595","2935","E14A49","0","0","0"
"09","Ciudad de México","012","Tlalpan","0131","Las Maravillas (Kilómetro 37)","R","190854.795","0990956.371","2945","E14A49","42","20","22"
"09","Ciudad de México","012","Tlalpan","0132","Kilómetro 33.5","R","191043.345","0990938.665","2865","E14A49","61","27","34"
"09","Ciudad de México","012","Tlalpan","0135","Lomas de Tepemecatl","R","191417.596","0991425.756","2960","E14A49","1392","713","679"
"09","Ciudad de México","012","Tlalpan","0140","El Oyamel","R","191216.269","0991253.678","3100","E14A49","17","8","9"
"09","Ciudad de México","012","Tlalpan","0141","El Paraíso","R","191227.669","0991256.429","3049","E14A49","13","7","6"
"09","Ciudad de México","012","Tlalpan","0143","Pentatlón","R","191333.048","0991453.526","3172","E14A49","0","0","0"
"09","Ciudad de México","012","Tlalpan","0144","Piedra Larga","R","191125.771","0990815.733","2746","E14A49","247","111","136"
"09","Ciudad de México","012","Tlalpan","0145","Piedras Blancas","R","191200.757","0991335.537","3246","E14A49","0","0","0"
"09","Ciudad de México","012","Tlalpan","0150","Rancho Aprisco Cima","R","190656.064","0991147.547","3021","E14A49","0","0","0"
"09","Ciudad de México","012","Tlalpan","0152","Rancho Ramírez","R","191310.380","0991326.255","3063","E14A49","0","0","0"
"09","Ciudad de México","012","Tlalpan","0153","Rancho Roberto Camacho","R","190942.392","0991025.357","3040","E14A49","1","*","*"
"09","Ciudad de México","012","Tlalpan","0154","La Cueva del Oso","R","191152.012","0991347.903","3285","E14A49","0","0","0"
"09","Ciudad de México","012","Tlalpan","0155","La Fortaleza","R","191211.927","0991416.560","3271","E14A49","3","*","*"
"09","Ciudad de México","012","Tlalpan","0159","Rancho Santísima Trinidad","R","191209.307","0991027.034","2816","E14A49","12","5","7"
"09","Ciudad de México","012","Tlalpan","0160","Seminario Nazareno","R","190920.433","0990943.836","2935","E14A49","6","2","4"
"09","Ciudad de México","012","Tlalpan","0161","El Pedregal","R","191359.594","0991238.793","2919","E14A49","275","137","138"
"09","Ciudad de México","012","Tlalpan","0162","El Sifón","R","190949.463","0991009.945","3012","E14A49","96","43","53"
"09","Ciudad de México","012","Tlalpan","0164","Kilómetro 17 (Circuito Ajusco)","R","191308.035","0991354.708","3076","E14A49","3","*","*"
"09","Ciudad de México","012","Tlalpan","0165","Rancho las Trojes","R","190948.807","0990935.212","2920","E14A49","0","0","0"
"09","Ciudad de México","012","Tlalpan","0168","Xalcuitongo (La Asunción)","R","191046.157","0990846.489","2774","E14A49","147","71","76"
"09","Ciudad de México","012","Tlalpan","0171","La Trinidad","R","191235.553","0991314.018","3050","E14A49","10","6","4"
"09","Ciudad de México","012","Tlalpan","0175","Siete Ocotes","R","190944.278","0990927.041","2912","E14A49","51","22","29"
"09","Ciudad de México","012","Tlalpan","0178","Quinta Gala (Kilómetro 35)","R","191225.462","0991356.301","3159","E14A49","0","0","0"
"09","Ciudad de México","012","Tlalpan","0179","El Charco","R","191404.146","0991331.517","2952","E14A49","65","32","33"
"09","Ciudad de México","012","Tlalpan","0192","Rancho Kyalami","R","191211.761","0991400.054","3190","E14A49","7","*","*"
"09","Ciudad de México","012","Tlalpan","0193","Los Sauces","R","191158.565","0991348.594","3266","E14A49","7","*","*"
"09","Ciudad de México","012","Tlalpan","0197","Rancho San Francisco","R","191257.672","0991348.532","3093","E14A49","6","*","*"
"09","Ciudad de México","012","Tlalpan","0198","La Troje","R","191238.854","0991353.112","3147","E14A49","22","9","13"
"09","Ciudad de México","012","Tlalpan","0199","El Cofrecito","R","191443.151","0991432.167","2930","E14A49","6","*","*"
"09","Ciudad de México","012","Tlalpan","0200","Rancho Espiridión","R","191246.128","0991405.270","3193","E14A49","8","*","*"
"09","Ciudad de México","012","Tlalpan","0201","Rancho los Compadres","R","191257.732","0991332.520","3106","E14A49","7","4","3"
"09","Ciudad de México","012","Tlalpan","0202","Rancho el Paraíso","R","191254.217","0991347.204","3130","E14A49","26","13","13"
"09","Ciudad de México","012","Tlalpan","0204","Rancho los Pioneros","R","191226.319","0991348.749","3116","E14A49","16","11","5"
"09","Ciudad de México","012","Tlalpan","0205","El Divisadero","R","191329.446","0991413.944","3076","E14A49","0","0","0"
"09","Ciudad de México","012","Tlalpan","0207","Camino Viejo a San Andrés","R","191421.531","0991128.292","2757","E14A49","5","*","*"
"09","Ciudad de México","012","Tlalpan","0209","Rancho San Nicolás","R","191301.755","0991336.627","3100","E14A49","5","*","*"
"09","Ciudad de México","012","Tlalpan","0210","El Arenal","R","191400.915","0991110.391","2743","E14A49","90","43","47"
"09","Ciudad de México","012","Tlalpan","0216","Cuanejaque","R","191146.121","0991035.984","2842","E14A49","199","101","98"
"09","Ciudad de México","012","Tlalpan","0217","El Oyameyo","R","191117.628","0991017.103","2913","E14A49","183","91","92"
"09","Ciudad de México","012","Tlalpan","0218","Parada Oyameyo (Kilómetro 31.5)","R","191132.531","0991002.326","2832","E14A49","80","45","35"
"09","Ciudad de México","012","Tlalpan","0220","La Campana (Kilómetro 12)","R","191503.527","0991438.584","2909","E14A39","11","4","7"
"09","Ciudad de México","012","Tlalpan","0221","La Rufina","R","191355.629","0991359.865","2968","E14A49","24","9","15"
"09","Ciudad de México","012","Tlalpan","0222","Nopaltitla","R","191406.362","0991302.285","2942","E14A49","70","37","33"
"09","Ciudad de México","012","Tlalpan","0229","Tres Cabañas","R","191301.535","0991326.241","3063","E14A49","0","0","0"
"09","Ciudad de México","012","Tlalpan","0232","El Alambrado","R","191344.261","0991446.550","3093","E14A49","2","*","*"
"09","Ciudad de México","012","Tlalpan","0234","Estudios Ajusco","R","191337.748","0991344.479","2967","E14A49","0","0","0"
"09","Ciudad de México","012","Tlalpan","0236","El Abrevadero","R","191328.664","0991438.126","3136","E14A49","7","*","*"
"09","Ciudad de México","012","Tlalpan","0237","Xomulco (Oyamertonco)","R","191300.764","0991339.936","3092","E14A49","46","26","20"
"09","Ciudad de México","012","Tlalpan","0239","Rancho Santa Rosa","R","191231.081","0991359.313","3162","E14A49","13","*","*"
"09","Ciudad de México","012","Tlalpan","0240","Kilómetro 34 Circuito Ajusco","R","191204.161","0991405.019","3254","E14A49","0","0","0"
"09","Ciudad de México","012","Tlalpan","0243","Los Caballos","R","191200.571","0991422.686","3365","E14A49","0","0","0"
"09","Ciudad de México","012","Tlalpan","0244","La Bola","R","191157.874","0991425.712","3359","E14A49","0","0","0"
"09","Ciudad de México","012","Tlalpan","0246","Rancho Chico","R","191158.517","0991402.349","3298","E14A49","7","*","*"
"09","Ciudad de México","012","Tlalpan","0247","Rancho López Márquez","R","191142.646","0991415.457","3375","E14A49","0","0","0"
"09","Ciudad de México","012","Tlalpan","0249","Rancho los Cedros del Abuelo","R","191230.299","0991330.808","3076","E14A49","0","0","0"
"09","Ciudad de México","012","Tlalpan","0250","Haro","R","191225.885","0991317.083","3083","E14A49","0","0","0"
"09","Ciudad de México","012","Tlalpan","0251","Quinta Santa Rosa","R","191224.654","0991030.669","2833","E14A49","14","8","6"
"09","Ciudad de México","012","Tlalpan","0252","La Morucha","R","191138.509","0991027.735","2856","E14A49","5","*","*"
"09","Ciudad de México","012","Tlalpan","0253","Rancho San Patricio","R","191116.701","0991054.517","2978","E14A49","13","6","7"
"09","Ciudad de México","012","Tlalpan","0254","Barranquilla","R","191126.354","0991100.120","2955","E14A49","6","5","1"
"09","Ciudad de México","012","Tlalpan","0256","La Capilla","R","191126.312","0991313.618","3355","E14A49","0","0","0"
"09","Ciudad de México","012","Tlalpan","0257","Rancho Mezontepec","R","191112.453","0991359.971","3360","E14A49","2","*","*"
"09","Ciudad de México","012","Tlalpan","0258","Rancho Llano de Vidrio","R","191124.000","0991530.000","3314","E14A49","0","0","0"
"09","Ciudad de México","012","Tlalpan","0259","Llanito Largo [Campamento Forestal]","R","190757.305","0991614.679","3016","E14A49","0","0","0"
"09","Ciudad de México","012","Tlalpan","0261","Aguatenco","R","191100.501","0990839.416","2746","E14A49","31","19","12"
"09","Ciudad de México","012","Tlalpan","0262","El Sicomoro","R","191123.939","0991034.130","2916","E14A49","5","*","*"
"09","Ciudad de México","012","Tlalpan","0263","Tlamenelolpa (Los Encinos)","R","191126.213","0991031.914","2903","E14A49","6","*","*"
"09","Ciudad de México","012","Tlalpan","0264","Predio Tepetzintla","R","191053.313","0991028.734","2994","E14A49","0","0","0"
"09","Ciudad de México","012","Tlalpan","0265","La Candelaria","R","191123.060","0990957.381","2821","E14A49","0","0","0"
"09","Ciudad de México","012","Tlalpan","0266","La Providencia","R","191120.684","0990956.360","2822","E14A49","37","14","23"
"09","Ciudad de México","012","Tlalpan","0267","Finca Trancas","R","191114.020","0990959.918","2858","E14A49","16","12","4"
"09","Ciudad de México","012","Tlalpan","0268","Kilómetro 32.3","R","191106.231","0990957.057","2868","E14A49","0","0","0"
"09","Ciudad de México","012","Tlalpan","0269","Temaxcatitla (Kilómetro 32.2)","R","191107.717","0990946.691","2826","E14A49","22","11","11"
"09","Ciudad de México","012","Tlalpan","0270","Paraje de Apantenco","R","191100.161","0990857.518","2740","E14A49","163","82","81"
"09","Ciudad de México","012","Tlalpan","0271","Totoapan","R","191030.108","0990903.139","2809","E14A49","10","*","*"
"09","Ciudad de México","012","Tlalpan","0272","Colonia Ocotla","R","191257.912","0990931.685","2823","E14A49","30","18","12"
"09","Ciudad de México","012","Tlalpan","0275","Kilómetro 29.5","R","191222.270","0990923.913","2804","E14A49","16","6","10"
"09","Ciudad de México","012","Tlalpan","0276","Kilómetro 30","R","191215.805","0990945.716","2827","E14A49","112","62","50"
"09","Ciudad de México","012","Tlalpan","0277","Kilómetro 30.5","R","191207.756","0990946.493","2807","E14A49","194","95","99"
"09","Ciudad de México","012","Tlalpan","0278","José María Morelos","R","191236.615","0991316.750","3049","E14A49","7","*","*"
"09","Ciudad de México","012","Tlalpan","0280","Los Eucaliptos","R","191220.364","0991314.642","3116","E14A49","0","0","0"
"09","Ciudad de México","012","Tlalpan","0282","Ocotla Chico","R","191239.068","0991008.853","2896","E14A49","489","249","240"
"09","Ciudad de México","012","Tlalpan","0283","Paraje Atonco","R","191245.772","0991354.691","3163","E14A49","17","7","10"
"09","Ciudad de México","012","Tlalpan","0290","La Herradura","R","191404.976","0991144.862","2792","E14A49","424","218","206"
"09","Ciudad de México","012","Tlalpan","0291","Carretera al Ajusco","R","191406.708","0991118.676","2757","E14A49","24","10","14"
"09","Ciudad de México","012","Tlalpan","0292","El Pedregal","R","191403.274","0991204.680","2833","E14A49","21","9","12"
"09","Ciudad de México","012","Tlalpan","0295","Chahualixcantitla","R","191058.712","0991001.621","2891","E14A49","18","9","9"
"09","Ciudad de México","012","Tlalpan","0296","Lomas de San José","R","191022.443","0990952.348","2944","E14A49","20","9","11"
"09","Ciudad de México","012","Tlalpan","0299","Acueducto (Pedro Moreno)","R","191230.449","0991257.440","3043","E14A49","33","17","16"
"09","Ciudad de México","012","Tlalpan","0300","Colonia San Juan","R","191225.567","0991244.414","3023","E14A49","206","112","94"
"09","Ciudad de México","012","Tlalpan","0301","Colonia Aguayoto","R","191220.643","0991259.800","3098","E14A49","284","137","147"
"09","Ciudad de México","012","Tlalpan","0302","Los Encinos","R","191151.551","0990749.616","2595","E14A49","49","20","29"
"09","Ciudad de México","012","Tlalpan","0303","Kilómetro 32.1","R","191117.511","0990952.637","2830","E14A49","43","24","19"
"09","Ciudad de México","012","Tlalpan","0305","Lienzo Charro Pepe Castro","R","191144.644","0991211.051","3045","E14A49","15","6","9"
"09","Ciudad de México","012","Tlalpan","0306","Tres Vientos","R","191103.098","0991310.247","3302","E14A49","9","5","4"
"09","Ciudad de México","012","Tlalpan","0307","Jaltomatitla","R","191502.039","0991302.262","2896","E14A39","0","0","0"
"09","Ciudad de México","012","Tlalpan","0308","Kilómetro 7.5 (Circuito Ajusco)","R","191603.886","0991317.440","2723","E14A39","24","14","10"
"09","Ciudad de México","012","Tlalpan","0310","Camino a la Venta","R","191311.651","0991139.006","2835","E14A49","30","15","15"
"09","Ciudad de México","012","Tlalpan","0311","La Monera","R","191414.562","0991120.710","2753","E14A49","35","18","17"
"09","Ciudad de México","012","Tlalpan","0317","El Tianguillo (Kilómetro 19.5)","R","191338.944","0991507.541","3164","E14A49","1","*","*"
"09","Ciudad de México","012","Tlalpan","0318","Criadero Kodik","R","191327.337","0991419.391","3103","E14A49","4","*","*"
"09","Ciudad de México","012","Tlalpan","0321","Camino Cantera Cantil","R","191256.679","0990906.467","2764","E14A49","13","*","*"
"09","Ciudad de México","012","Tlalpan","0323","Cortijo San Higinio","R","191253.409","0990903.091","2751","E14A49","0","0","0"
"09","Ciudad de México","012","Tlalpan","0325","Planta Abasolo","R","191401.453","0991138.126","2783","E14A49","0","0","0"
"09","Ciudad de México","012","Tlalpan","0326","Cuauhtenco","R","191306.967","0990900.337","2718","E14A49","9","*","*"
"09","Ciudad de México","012","Tlalpan","0327","Tepozán [Parque Ecoturístico]","R","191525.143","0991425.599","2880","E14A39","1","*","*"
"09","Ciudad de México","012","Tlalpan","0328","Ejidos de San Andrés Totoltepec","R","191513.470","0991344.931","2904","E14A39","139","74","65"
"09","Ciudad de México","012","Tlalpan","0330","Área de los Venados (La SIREFA)","R","191448.555","0991159.766","2840","E14A49","2","*","*"
"09","Ciudad de México","012","Tlalpan","0332","Prolongación Narciso Mendoza","R","191410.034","0991217.713","2862","E14A49","109","56","53"
"09","Ciudad de México","012","Tlalpan","0333","Prolongación Acueducto","R","191156.763","0991217.971","3046","E14A49","27","13","14"
"09","Ciudad de México","012","Tlalpan","0334","Granja los Pinos","R","191234.701","0991322.991","3056","E14A49","0","0","0"
"09","Ciudad de México","012","Tlalpan","0335","Rancho el Tordi...yo","R","191221.525","0991415.364","3222","E14A49","5","*","*"
"09","Ciudad de México","012","Tlalpan","0336","Agua Grande [Parque Recreativo]","R","191225.593","0991748.975","3524","E14A49","0","0","0"
"09","Ciudad de México","012","Tlalpan","0337","Rancho Yamel","R","191306.391","0991329.834","3093","E14A49","10","5","5"
"09","Ciudad de México","012","Tlalpan","0338","Kilómetro 14.5","R","191341.112","0991343.624","2965","E14A49","6","*","*"
"09","Ciudad de México","012","Tlalpan","0339","El Oyamel","R","191348.363","0991430.002","3036","E14A49","0","0","0"
"09","Ciudad de México","012","Tlalpan","0340","Rancho Tres Hermanos","R","191123.041","0991334.842","3410","E14A49","13","9","4"
"09","Ciudad de México","012","Tlalpan","0341","Las Cruces","R","191144.629","0991346.228","3299","E14A49","2","*","*"
"09","Ciudad de México","012","Tlalpan","0342","Rancho Matamoros","R","191155.392","0991356.338","3280","E14A49","8","*","*"
"09","Ciudad de México","012","Tlalpan","0343","Rancho Valentina","R","191159.260","0991358.387","3274","E14A49","17","11","6"
"09","Ciudad de México","012","Tlalpan","0345","Ermita Ajusco","R","191214.067","0991220.346","2999","E14A49","6","*","*"
"09","Ciudad de México","012","Tlalpan","0346","El Cedral","R","191229.322","0991229.171","2970","E14A49","41","24","17"
"09","Ciudad de México","012","Tlalpan","0347","Las Calaveras (Doña Cristy)","R","191235.632","0991204.937","2869","E14A49","26","12","14"
"09","Ciudad de México","012","Tlalpan","0350","Los Tlapancos","R","191216.271","0991130.492","2870","E14A49","79","43","36"
"09","Ciudad de México","012","Tlalpan","0351","Carretera al Ajusco II","R","191356.038","0991131.425","2795","E14A49","135","67","68"
"09","Ciudad de México","012","Tlalpan","0352","Las Canteras","R","191304.563","0990917.488","2820","E14A49","32","18","14"
"09","Ciudad de México","012","Tlalpan","0353","Camino Antiguo a Cuernavaca","R","191050.986","0990910.875","2766","E14A49","29","17","12"
"09","Ciudad de México","012","Tlalpan","0354","Cañada del Acueducto","R","191211.994","0991233.249","3056","E14A49","51","22","29"
"09","Ciudad de México","012","Tlalpan","0355","Acueducto 1ra. Sección","R","191222.024","0991246.449","3053","E14A49","32","13","19"
"09","Ciudad de México","012","Tlalpan","0356","El Campo","R","191435.866","0991147.948","2772","E14A49","0","0","0"
"09","Ciudad de México","012","Tlalpan","0357","Cuatzontle","R","191437.866","0991221.357","2832","E14A49","0","0","0"
"09","Ciudad de México","012","Tlalpan","0358","El Arcoiris","R","191230.708","0991248.024","3015","E14A49","61","30","31"
"09","Ciudad de México","012","Tlalpan","0359","Tixtapaltongo (Loma de Ahuayoto)","R","191206.765","0991244.077","3128","E14A49","0","0","0"
"09","Ciudad de México","012","Tlalpan","0360","Rancho Ahuayoto","R","191218.790","0991253.019","3081","E14A49","10","5","5"
"09","Ciudad de México","012","Tlalpan","0361","Oyametonco","R","191207.891","0991319.357","3188","E14A49","0","0","0"
"09","Ciudad de México","012","Tlalpan","0362","Cansacaballos","R","191207.976","0991328.949","3197","E14A49","0","0","0"
"09","Ciudad de México","012","Tlalpan","0363","Los Arcos","R","191138.629","0991402.652","3335","E14A49","0","0","0"
"09","Ciudad de México","012","Tlalpan","0364","Cabaña Buenavista","R","191146.027","0991405.662","3338","E14A49","0","0","0"
"09","Ciudad de México","012","Tlalpan","0365","Ojo de Agua","R","191154.395","0991422.746","3375","E14A49","5","*","*"
"09","Ciudad de México","012","Tlalpan","0368","Tepelancoxtla","R","191125.061","0991050.919","2941","E14A49","3","*","*"
"09","Ciudad de México","012","Tlalpan","0371","San Agustín","R","191219.548","0991211.341","2949","E14A49","134","58","76"
"09","Ciudad de México","012","Tlalpan","0373","Ispancolohuia","R","191104.046","0991002.874","2883","E14A49","13","6","7"
"09","Ciudad de México","012","Tlalpan","0374","Paraje Tlalmenelolpa","R","191131.362","0991014.623","2862","E14A49","76","39","37"
"09","Ciudad de México","012","Tlalpan","0376","Teteocotla","R","191050.885","0990939.276","2856","E14A49","82","43","39"
"09","Ciudad de México","012","Tlalpan","0377","Paraje el Tezontle Acopiaxco","R","190729.480","0991001.780","3102","E14A49","0","0","0"
"09","Ciudad de México","012","Tlalpan","0378","Rancho Viejo","R","191534.909","0991440.005","2842","E14A39","39","24","15"
"09","Ciudad de México","012","Tlalpan","0379","Paraje el Negro","R","191557.992","0991443.712","2761","E14A39","12","*","*"
"09","Ciudad de México","012","Tlalpan","0380","Camino Viejo a Cuernavaca","R","191133.967","0990856.334","2670","E14A49","0","0","0"
"09","Ciudad de México","012","Tlalpan","0381","Ololica (Loloigque)","R","191250.757","0991023.448","2892","E14A49","54","27","27"
"09","Ciudad de México","012","Tlalpan","0382","Ninguno","R","191147.831","0991021.794","2813","E14A49","9","*","*"
"09","Ciudad de México","012","Tlalpan","0383","Kilómetro 31","R","191144.113","0991000.285","2802","E14A49","34","21","13"
"09","Ciudad de México","012","Tlalpan","0384","Acopiaxco [Campamento Forestal]","R","190709.463","0991001.466","3294","E14A49","0","0","0"
"09","Ciudad de México","012","Tlalpan","0385","Cerro Pelado [Campamento Forestal]","R","190858.551","0991306.026","3620","E14A49","0","0","0"
"09","Ciudad de México","012","Tlalpan","0386","La Rosa [Campamento Forestal]","R","190809.899","0991324.313","3222","E14A49","0","0","0"
"09","Ciudad de México","012","Tlalpan","0387","La Glorieta","R","190729.002","0991034.839","3030","E14A49","0","0","0"
"09","Ciudad de México","012","Tlalpan","0388","Paraje Altavista","R","190715.572","0991038.466","3048","E14A49","0","0","0"
"09","Ciudad de México","012","Tlalpan","0389","La Loma","R","190947.571","0990843.204","2862","E14A49","4","*","*"
"09","Ciudad de México","012","Tlalpan","0390","La Reja","R","191014.876","0990833.749","2821","E14A49","10","6","4"
"09","Ciudad de México","012","Tlalpan","0391","Popocotla","R","191102.793","0990930.319","2785","E14A49","33","15","18"
"09","Ciudad de México","012","Tlalpan","0392","Colonia Cuauhtenco (Kilómetro 27)","R","191304.103","0990851.130","2690","E14A49","38","22","16"
"09","Ciudad de México","012","Tlalpan","0393","Kilómetro 28 Sur","R","191244.819","0990906.450","2753","E14A49","232","123","109"
"09","Ciudad de México","012","Tlalpan","0394","Paraje Buenavista","R","191238.918","0990843.519","2809","E14A49","1","*","*"
"09","Ciudad de México","012","Tlalpan","0395","Los Encinos [Rancho]","R","191257.612","0990836.766","2662","E14A49","23","14","9"
"09","Ciudad de México","012","Tlalpan","0396","Tezontitla","R","191233.507","0990858.657","2757","E14A49","721","357","364"
"09","Ciudad de México","012","Tlalpan","0397","Xictontle [Campamento Forestal]","R","191445.259","0991339.382","3038","E14A49","-","-","-"
"09","Ciudad de México","012","Tlalpan","0398","Rancho Teo","R","191134.016","0991338.105","3395","E14A49","-","-","-"
"09","Ciudad de México","012","Tlalpan","0399","Piedra Suelta","R","191326.257","0991352.454","2990","E14A49","-","-","-"
"09","Ciudad de México","012","Tlalpan","0400","El Cristal","R","191116.670","0991323.188","3367","E14A49","-","-","-"
"09","Ciudad de México","012","Tlalpan","0401","El Retiro","R","191121.192","0991325.419","3377","E14A49","-","-","-"
"09","Ciudad de México","012","Tlalpan","0402","La Nube","R","191121.530","0991347.073","3490","E14A49","-","-","-"
"09","Ciudad de México","012","Tlalpan","0403","Las Castañas","R","191136.833","0991314.905","3323","E14A49","-","-","-"
"09","Ciudad de México","012","Tlalpan","0404","San Carlos","R","191149.482","0991337.217","3299","E14A49","-","-","-"
"09","Ciudad de México","012","Tlalpan","0405","Rancho Chato","R","191148.264","0991339.451","3298","E14A49","-","-","-"
"09","Ciudad de México","012","Tlalpan","0406","El Capricho","R","191126.308","0991400.510","3367","E14A49","-","-","-"
"09","Ciudad de México","012","Tlalpan","0407","El Sillar","R","191111.080","0991300.102","3288","E14A49","-","-","-"
"09","Ciudad de México","012","Tlalpan","0408","La Quinta Estación","R","191106.585","0991306.426","3304","E14A49","-","-","-"
"09","Ciudad de México","012","Tlalpan","0409","Rancho Nevado","R","191203.100","0991400.600","3275","E14A49","-","-","-"
"09","Ciudad de México","012","Tlalpan","0410","La Soledad","R","191216.117","0991329.857","3148","E14A49","-","-","-"
"09","Ciudad de México","012","Tlalpan","0411","Casas Blancas","R","191013.912","0991451.783","3241","E14A49","-","-","-"
"09","Ciudad de México","012","Tlalpan","0412","Las Tinajas","R","191135.057","0991507.481","3317","E14A49","-","-","-"
"09","Ciudad de México","012","Tlalpan","0413","El Arco Amarillo","R","191114.188","0991110.700","3018","E14A49","-","-","-"
"09","Ciudad de México","012","Tlalpan","0414","El Guardita","R","191222.476","0991151.433","2280","E14A49","-","-","-"
"09","Ciudad de México","012","Tlalpan","0415","El Capricho","R","191034.375","0991010.782","2973","E14A49","-","-","-"
"09","Ciudad de México","012","Tlalpan","0416","Tlayelpa","R","191122.383","0990906.321","2703","E14A49","-","-","-"
"09","Ciudad de México","013","Xochimilco","0001","Xochimilco","U","191548.463","0990617.688","2237","E14A39","407885","201724","206161"
"09","Ciudad de México","013","Xochimilco","0091","Tepemimilco","R","191333.945","0990726.164","2368","E14A49","19","7","12"
"09","Ciudad de México","013","Xochimilco","0096","Ixotitla","R","191413.980","0990325.182","2350","E14A49","160","77","83"
"09","Ciudad de México","013","Xochimilco","0111","Paraje Lila (El Ladrillo)","R","191544.344","0990441.258","2230","E14A39","24","11","13"
"09","Ciudad de México","013","Xochimilco","0112","Paraje Texhuilo","R","191555.427","0990527.649","2228","E14A39","61","34","27"
"09","Ciudad de México","013","Xochimilco","0113","Zacapa","R","191526.004","0990330.203","2228","E14A39","27","17","10"
"09","Ciudad de México","013","Xochimilco","0118","Barrio San Antonio (Cruz Monte)","R","191443.234","0990202.585","2389","E14A49","231","115","116"
"09","Ciudad de México","013","Xochimilco","0131","Tepepan","R","191329.448","0990803.029","2552","E14A49","6","*","*"
"09","Ciudad de México","013","Xochimilco","0134","Ampliación Chalmita","R","191402.726","0990258.346","2427","E14A49","352","179","173"
"09","Ciudad de México","013","Xochimilco","0135","El Mirador (Tetexaloca)","R","191312.759","0990855.225","2697","E14A49","0","0","0"
"09","Ciudad de México","013","Xochimilco","0136","Tepexomulco","R","191353.080","0990752.743","2362","E14A49","352","171","181"
"09","Ciudad de México","013","Xochimilco","0137","Tlachiultepec de Ahuayucan (Las Malvinas)","R","191215.657","0990607.807","2590","E14A49","161","79","82"
"09","Ciudad de México","013","Xochimilco","0138","Tepetitla (Tlacoxpan)","R","191407.101","0990831.968","2422","E14A49","57","30","27"
"09","Ciudad de México","013","Xochimilco","0139","Tlacualleli (El Calvario)","R","191432.173","0990440.560","2302","E14A49","43","19","24"
"09","Ciudad de México","013","Xochimilco","0140","Tlaltepetla (Tehuistitla)","R","191328.258","0990655.232","2370","E14A49","127","63","64"
"09","Ciudad de México","013","Xochimilco","0143","Tlalatlaco","R","191331.371","0990837.546","2420","E14A49","268","137","131"
"09","Ciudad de México","013","Xochimilco","0146","Tlatzala (Cuayuca)","R","191410.176","0990438.567","2421","E14A49","162","88","74"
"09","Ciudad de México","013","Xochimilco","0147","Isla de las Muñecas","R","191622.355","0990517.134","2226","E14A39","1","*","*"
"09","Ciudad de México","013","Xochimilco","0151","Tepuente","R","191342.141","0990907.648","2650","E14A49","131","70","61"
"09","Ciudad de México","013","Xochimilco","0153","Ahuatitla","R","191307.000","0990642.000","2415","E14A49","39","19","20"
"09","Ciudad de México","013","Xochimilco","0157","Tipipili","R","191401.908","0990504.296","2414","E14A49","247","125","122"
"09","Ciudad de México","013","Xochimilco","0160","Tochuca (San Salvador)","R","191208.435","0990609.242","2609","E14A49","176","92","84"
"09","Ciudad de México","013","Xochimilco","0161","Tecanco","R","191349.867","0990654.113","2359","E14A49","55","26","29"
"09","Ciudad de México","013","Xochimilco","0162","Pepelaxtla","R","191302.172","0990645.134","2411","E14A49","153","83","70"
"09","Ciudad de México","013","Xochimilco","0163","Tecacalango","R","191304.335","0990625.550","2424","E14A49","268","139","129"
"09","Ciudad de México","013","Xochimilco","0164","Tzompole","R","191214.585","0990703.750","2588","E14A49","7","*","*"
"09","Ciudad de México","013","Xochimilco","0165","Cacalco (Tepextenco)","R","191140.128","0990729.025","2635","E14A49","27","15","12"
"09","Ciudad de México","013","Xochimilco","0168","Texalco (Joyas de Texalco)","R","191224.097","0990601.305","2563","E14A49","0","0","0"
"09","Ciudad de México","013","Xochimilco","0169","Apatlaco","R","191552.819","0990511.613","2230","E14A39","69","35","34"
"09","Ciudad de México","013","Xochimilco","0172","Paraje de la Ciénega","R","191646.532","0990452.998","2229","E14A39","0","0","0"
"09","Ciudad de México","013","Xochimilco","0173","Paraje los Escondidos","R","191639.223","0990454.635","2227","E14A39","0","0","0"
"09","Ciudad de México","013","Xochimilco","0177","Kilómetro 26","R","191324.823","0990826.953","2469","E14A49","7","2","5"
"09","Ciudad de México","013","Xochimilco","0178","Tlapizatil (Puente de Urrutia)","R","191543.153","0990422.284","2229","E14A39","94","43","51"
"09","Ciudad de México","013","Xochimilco","0180","Tepexomulco las Rocas","R","191342.729","0990809.838","2395","E14A49","51","26","25"
"09","Ciudad de México","013","Xochimilco","0181","Ocotitla Tepachuxiac","R","191341.116","0990830.149","2406","E14A49","101","52","49"
"09","Ciudad de México","013","Xochimilco","0182","Tecuyo","R","191309.657","0990826.085","2593","E14A49","0","0","0"
"09","Ciudad de México","013","Xochimilco","0183","Hualpalcaltepec","R","191258.316","0990822.794","2692","E14A49","0","0","0"
"09","Ciudad de México","013","Xochimilco","0184","Atotle","R","191306.541","0990634.179","2413","E14A49","143","74","69"
"09","Ciudad de México","013","Xochimilco","0185","Los Tejocotes","R","191210.164","0990706.512","2563","E14A49","50","23","27"
"09","Ciudad de México","013","Xochimilco","0186","Granja R.R. (Los Ciruelos)","R","191202.000","0990652.000","2625","E14A49","14","8","6"
"09","Ciudad de México","013","Xochimilco","0187","Tepepatlaxtle","R","191208.538","0990640.284","2589","E14A49","112","55","57"
"09","Ciudad de México","013","Xochimilco","0190","Tixculco","R","191321.051","0990316.400","2400","E14A49","13","8","5"
"09","Ciudad de México","013","Xochimilco","0191","Tecoexcontitla","R","191249.999","0990506.447","2611","E14A49","154","76","78"
"09","Ciudad de México","013","Xochimilco","0192","Quinta Patricia","R","191245.137","0990515.068","2601","E14A49","3","*","*"
"09","Ciudad de México","013","Xochimilco","0193","El Potrero (Bosques de la Paz)","R","191240.125","0990526.170","2569","E14A49","4","*","*"
"09","Ciudad de México","013","Xochimilco","0195","Paraje Tepanyecac","R","191319.612","0990305.600","2441","E14A49","17","8","9"
"09","Ciudad de México","013","Xochimilco","0196","Tepepula","R","191340.973","0990732.690","2380","E14A49","36","20","16"
"09","Ciudad de México","013","Xochimilco","0197","La Angostura","R","191543.448","0990431.824","2230","E14A39","43","23","20"
"09","Ciudad de México","013","Xochimilco","0198","Sihuatlixpa","R","191156.346","0990641.704","2662","E14A49","60","29","31"
"09","Ciudad de México","013","Xochimilco","0201","Cuatixi","R","191336.699","0990432.454","2489","E14A49","42","23","19"
"09","Ciudad de México","013","Xochimilco","0202","Paraje Zacapa","R","191302.899","0990521.911","2548","E14A49","147","75","72"
"09","Ciudad de México","013","Xochimilco","0203","Santa Catarina (Piedra Blanca)","R","191251.392","0990447.661","2612","E14A49","30","17","13"
"09","Ciudad de México","013","Xochimilco","0204","Huepaltepec","R","191254.857","0990427.811","2571","E14A49","24","13","11"
"09","Ciudad de México","013","Xochimilco","0205","Tecuanatla (Arenal Papanco)","R","191301.176","0990628.375","2429","E14A49","19","8","11"
"09","Ciudad de México","013","Xochimilco","0206","Tepepecalachico (Inopilco)","R","191239.611","0990627.205","2508","E14A49","14","6","8"
"09","Ciudad de México","013","Xochimilco","0207","Rancho la Flor","R","191235.252","0990605.004","2510","E14A49","2","*","*"
"09","Ciudad de México","013","Xochimilco","0208","Los Cedros","R","191229.830","0990617.430","2545","E14A49","26","12","14"
"09","Ciudad de México","013","Xochimilco","0209","Tepeclite","R","191216.863","0990621.575","2605","E14A49","23","12","11"
"09","Ciudad de México","013","Xochimilco","0210","Acalipa","R","191130.392","0990723.644","2691","E14A49","12","7","5"
"09","Ciudad de México","013","Xochimilco","0213","Ampliación Bugambilias (Nauhtecpan)","R","191355.937","0990814.889","2388","E14A49","40","21","19"
"09","Ciudad de México","013","Xochimilco","0214","Tepeyecac (El Arenal)","R","191349.491","0990733.981","2379","E14A49","85","36","49"
"09","Ciudad de México","013","Xochimilco","0215","Tepexomulco (Kilómetro 27.8)","R","191336.279","0990747.374","2515","E14A49","6","*","*"
"09","Ciudad de México","013","Xochimilco","0218","Ixcuicuilco","R","191315.686","0990702.437","2378","E14A49","31","18","13"
"09","Ciudad de México","013","Xochimilco","0223","Chalma (Avenida de las Torres)","R","191420.932","0990310.926","2340","E14A49","99","50","49"
"09","Ciudad de México","013","Xochimilco","0224","Corralón Policía Federal de Caminos","R","191412.707","0990316.351","2325","E14A49","14","*","*"
"09","Ciudad de México","013","Xochimilco","0226","Cocopalcuautla","R","191316.411","0990246.345","2491","E14A49","4","*","*"
"09","Ciudad de México","013","Xochimilco","0229","Parada del Conejo","R","191300.406","0990651.124","2420","E14A49","98","46","52"
"09","Ciudad de México","013","Xochimilco","0231","Tecanco","R","191354.548","0990419.900","2418","E14A49","72","37","35"
"09","Ciudad de México","013","Xochimilco","0232","Atlaxco","R","191359.768","0990406.886","2362","E14A49","87","46","41"
"09","Ciudad de México","013","Xochimilco","0234","Barrio Nochicala","R","191441.385","0990222.943","2379","E14A49","203","114","89"
"09","Ciudad de México","013","Xochimilco","0237","El Cedral","R","191257.745","0990704.545","2397","E14A49","21","10","11"
"09","Ciudad de México","013","Xochimilco","0239","Ahuatitla (Texcopaxuli)","R","191352.973","0990315.298","2370","E14A49","0","0","0"
"09","Ciudad de México","013","Xochimilco","0241","Tiziclipa","R","191340.008","0990528.517","2402","E14A49","48","25","23"
"09","Ciudad de México","013","Xochimilco","0242","Atenco (Tlaquilpa)","R","191524.904","0990321.341","2230","E14A39","20","9","11"
"09","Ciudad de México","013","Xochimilco","0243","Naxayopa","R","191532.060","0990332.479","2227","E14A39","72","37","35"
"09","Ciudad de México","013","Xochimilco","0244","Coapantitla","R","191524.745","0990324.033","2229","E14A39","20","10","10"
"09","Ciudad de México","013","Xochimilco","0245","San Martín","R","191355.765","0990440.511","2432","E14A49","5","*","*"
"09","Ciudad de México","013","Xochimilco","0246","Francisco Villa (Tepejoyuca)","R","191324.803","0990438.468","2494","E14A49","15","6","9"
"09","Ciudad de México","013","Xochimilco","0247","Pantiagua","R","191334.827","0990817.328","2402","E14A49","11","*","*"
"09","Ciudad de México","013","Xochimilco","0249","Chililico","R","191559.666","0990522.437","2235","E14A39","21","13","8"
"09","Ciudad de México","013","Xochimilco","0251","Camino al Panteón (Las Cruces)","R","191317.824","0990738.581","2453","E14A49","7","*","*"
"09","Ciudad de México","013","Xochimilco","0252","Texopantitla (Chocolines)","R","191435.639","0990806.820","2360","E14A49","127","58","69"
"09","Ciudad de México","013","Xochimilco","0253","Ilimunxutitla","R","191132.103","0990630.807","2761","E14A49","33","14","19"
"09","Ciudad de México","013","Xochimilco","0254","Tlacomulco (Kilómetro 25.5)","R","191330.243","0990845.163","2436","E14A49","0","0","0"
"09","Ciudad de México","013","Xochimilco","0256","La Cienega","R","191606.950","0990419.709","2228","E14A39","0","0","0"
"09","Ciudad de México","013","Xochimilco","0257","Los Pinos (Tecacahuaco)","R","191407.119","0990824.324","2402","E14A49","124","62","62"
"09","Ciudad de México","013","Xochimilco","0258","Temamatla","R","191409.338","0990815.966","2386","E14A49","129","61","68"
"09","Ciudad de México","013","Xochimilco","0259","Colexco (Tenochtitlan)","R","191338.338","0990649.908","2362","E14A49","4","*","*"
"09","Ciudad de México","013","Xochimilco","0261","Milahuaytitla","R","191425.833","0990257.312","2382","E14A49","5","*","*"
"09","Ciudad de México","013","Xochimilco","0262","Paraje Nochicala","R","191431.277","0990215.485","2439","E14A49","33","16","17"
"09","Ciudad de México","013","Xochimilco","0263","San Juan Diego (Matlacuaitla)","R","191435.392","0990239.800","2372","E14A49","79","34","45"
"09","Ciudad de México","013","Xochimilco","0264","Paraje Tlahuiteco","R","191131.420","0990720.106","2691","E14A49","0","0","0"
"09","Ciudad de México","013","Xochimilco","0265","Moyocalco","R","191459.210","0990806.932","2301","E14A49","48","25","23"
"09","Ciudad de México","013","Xochimilco","0266","Cuahuticultitla","R","191346.079","0990830.858","2409","E14A49","77","39","38"
"09","Ciudad de México","013","Xochimilco","0267","Tizilingo","R","191417.000","0990500.317","2404","E14A49","100","48","52"
"09","Ciudad de México","013","Xochimilco","0268","Alcanfores","R","191413.872","0990503.637","2410","E14A49","62","30","32"
"09","Ciudad de México","013","Xochimilco","0269","Bosques de la Paz","R","191355.379","0990430.838","2425","E14A49","64","32","32"
"09","Ciudad de México","013","Xochimilco","0270","Contlalco","R","191440.550","0990755.173","2339","E14A49","66","32","34"
"09","Ciudad de México","013","Xochimilco","0271","Tlalmelaca","R","191549.873","0990214.005","2231","E14A39","50","25","25"
"09","Ciudad de México","013","Xochimilco","0272","Xometitla (Tlalitenco)","R","191348.812","0990642.966","2352","E14A49","456","220","236"
"09","Ciudad de México","013","Xochimilco","0273","Zacaxontlicpa","R","191149.262","0990627.960","2671","E14A49","0","0","0"
"09","Ciudad de México","014","Benito Juárez","0001","Benito Juárez","U","192219.172","0990928.272","2238","E14A39","385439","176410","209029"
"09","Ciudad de México","015","Cuauhtémoc","0001","Cuauhtémoc","U","192629.928","0990906.781","2230","E14A39","531831","251725","280106"
"09","Ciudad de México","016","Miguel Hidalgo","0001","Miguel Hidalgo","U","192426.168","0991126.716","2264","E14A39","372889","172667","200222"
"09","Ciudad de México","017","Venustiano Carranza","0001","Venustiano Carranza","U","192509.343","0990649.324","2230","E14A39","430978","203651","227327"
